"","STATE","YEAR","coal_gen","hydro_gen","gas_gen","other_gen","petro_gen","solar_gen","biomass_gen","wind_gen","nuclear_gen","other_gas_gen","pump_gen"
"1","AK",2018,52380.3333333333,138685.333333333,245658.583333333,-258.166666666667,67439.75,0,3789.41666666667,12917.8333333333,0,0,0
"2","AK",2019,56921.25,135280.416666667,223915.666666667,-325.25,75099.6666666667,0,3129.16666666667,11882.5833333333,0,0,0
"3","AK",2020,60149.0833333333,146995.5,220063.25,-287.833333333333,82150.1666666667,0,3255.41666666667,10711.1666666667,0,0,0
"4","AK",2021,62741.25,140741.583333333,257116.333333333,-345,75207.25,0,3172.58333333333,11017.6666666667,0,0,0
"5","AK",2022,60577.9166666667,142785.416666667,269114.833333333,-270.5,70627.1666666667,0,3403.08333333333,11606.25,0,0,0
"6","AK",2023,59152.6100917431,112810.220183486,286501.600917431,-203.497706422018,73847.8165137615,0,3245.63990825688,10879.3096330275,0,0,0
"7","AL",2018,2648126.75,928595,4900035,-4,5475.33333333333,0,3139.41666666667,0,3288568.91666667,400.416666666667,0
"8","AL",2019,2221573.80885781,951009.298368298,4769775.92773893,-4.83216783216783,1659.87878787879,0,3373.32167832168,0,3637819.03030303,221.69696969697,0
"9","AL",2020,1810793.58333333,1112428,4602083.16666667,-3.58333333333333,1070.58333333333,0,3108.83333333333,0,3629220.58333333,34.3333333333333,0
"10","AL",2021,2241742.5,960067.333333333,4537322.91666667,2,1826.16666666667,0,3661.66666666667,0,3836374.08333333,5.25,0
"11","AL",2022,2161999.16666667,849017.5,5184787.16666667,-4,3409.83333333333,0,3573.25,0,3526138.08333333,0,0
"12","AL",2023,1598528,831546.25,5115984,0,1312.83333333333,0,3695.33333333333,0,3798253.25,9.91666666666667,0
"13","AR",2018,2499674.91666667,250731.166666667,1718642.16666667,423.916666666667,2959.66666666667,0,6245.91666666667,0,1060068.16666667,0,3353.75
"14","AR",2019,1945769.38034188,342521.418803419,1818388.82905983,404.299145299145,3919.99145299145,0,7752.51709401709,0,1129792.04700855,0,4146.97008547009
"15","AR",2020,1285083.25,377552.083333333,1525610.66666667,369.416666666667,3680.83333333333,0,6560.25,0,1255254.08333333,0,5464.91666666667
"16","AR",2021,1784906.41666667,335723.25,1719094.41666667,630.916666666667,4627.75,0,5118.08333333333,0,1129640.33333333,0,6975.5
"17","AR",2022,1696739.08333333,289048.833333333,2169786.08333333,408.166666666667,5359.66666666667,0,3863,0,1193641.41666667,0,5619.66666666667
"18","AR",2023,1403703.08333333,299596.416666667,2026404,535,3598.83333333333,0,3867.5,0,1247706.75,0,8377.66666666667
"19","AZ",2018,2565166.46135831,581583.037470726,3111628.51053864,-212.540983606557,4154.10070257611,0,3114.75878220141,44134.662763466,2591079.52459016,0,-309.081967213115
"20","AZ",2019,1934831.08333333,517036.583333333,3840363.83333333,-370.166666666667,5312.08333333333,0,2555.5,46198,2660030.66666667,0,206.083333333333
"21","AZ",2020,1145604.5,535300.083333333,4231464.08333333,-241.166666666667,3367.08333333333,0,1802.33333333333,53680,2629369.41666667,0,5187.58333333333
"22","AZ",2021,1191714.58333333,497737.833333333,4004427.66666667,-628.583333333333,3627.91666666667,0,1622.5,133359.916666667,2635821.83333333,0,7574.58333333333
"23","AZ",2022,1127363.5426009,440265.228699552,3772416.59192825,-935.071748878924,2691.57399103139,0,1550.16591928251,129773.403587444,2664233.14349776,0,8304.37219730942
"24","AZ",2023,997767.571111111,484028.586666667,4392888.74,-2810.14,2600.91111111111,0,1583.71111111111,144549.555555556,2625985.67111111,0,11402.7888888889
"25","CA",2018,23444.1666666667,2194222.25,7483725.33333333,69064,5739.75,0,235320.916666667,1168662.58333333,1517793.25,121163.25,-12381.1666666667
"26","CA",2019,20038,3196230.75,7153397.91666667,63752.0833333333,4246.16666666667,0,226885.416666667,1144589,1347115.33333333,123017,-2551.25
"27","CA",2020,24190.9166666667,1781456.5,7670556.91666667,57888.4166666667,3659.66666666667,0,217921.166666667,1131924.08333333,1354891.5,128164.75,-3093.83333333333
"28","CA",2021,24518.5,1224106.63577023,8119153.70365535,48001.3890339426,6423.94516971279,0,214543.719321149,1266373.97127937,1372613.82114883,114053.881201044,-26447.9660574413
"29","CA",2022,20963.6666666667,1470345.83333333,8030963,16351.25,12912.8333333333,0,201383.083333333,1219838.58333333,1466104.5,117626.5,-12920.6666666667
"30","CA",2023,17405.1666666667,2657214.41666667,7857665.75,-26044.9166666667,6387.83333333333,0,195605.5,1241399.08333333,1476530.66666667,115409.416666667,-32723.0833333333
"31","CO",2018,2198505.08333333,152115.5,1366536.58333333,4941.25,990.083333333333,0,6315.83333333333,812095.916666667,0,0,-21894.8333333333
"32","CO",2019,2110041.91666667,150916.75,1424759.66666667,5033,663.666666666667,0,6126.33333333333,904364.666666667,0,0,-15990.1666666667
"33","CO",2020,1623200.41666667,139046.833333333,1514278.16666667,4945.08333333333,-15719.4166666667,0,6186.16666666667,1115518.91666667,0,1748.83333333333,-12615.9166666667
"34","CO",2021,1966836.83333333,133192.333333333,1213314.5,4571.58333333333,2317.5,0,6185.75,1260474.75,0,537.583333333333,-2958.33333333333
"35","CO",2022,1810250.25,112051.333333333,1287127.33333333,4007.58333333333,2267.25,0,6043.58333333333,1409260.58333333,0,217.333333333333,-1768.33333333333
"36","CO",2023,1565632.08333333,110362.916666667,1430116.66666667,2140.25,2846.16666666667,0,6079.58333333333,1334050.16666667,0,0,2084.16666666667
"37","CT",2018,27475,46276.6666666667,1667204.91666667,38727.75,28246.4166666667,0,41225,1024.58333333333,1406791,0,289.25
"38","CT",2019,4420.91666666667,35659.75,1778591.25,48182.1666666667,1016.25,0,40079.1666666667,1017.91666666667,1394449.83333333,0,179.583333333333
"39","CT",2020,-1589.91666666667,27162.0833333333,1961400.91666667,49208.8333333333,2715.58333333333,0,40852.75,1015.33333333333,1309571.25,0,110.083333333333
"40","CT",2021,20387.25,39797.5833333333,2040741.66666667,47594.1666666667,3829.33333333333,0,39499.9166666667,1063.16666666667,1434709.08333333,0,36.0833333333333
"41","CT",2022,0,26019.5,2044223.91666667,40974.5,26197.25,0,34059.5,1069.41666666667,1372013.91666667,0,109.083333333333
"42","CT",2023,0,28406.8333333333,2040311.75,35790.4166666667,13735.5,0,29853.0833333333,824.833333333333,1139121.5,0,376.75
"43","DC",2018,0,0,1897.5,0,0,0,4713.41666666667,0,0,0,0
"44","DC",2019,0,0,9176.91666666667,0,0,0,4594,0,0,0,0
"45","DC",2020,0,0,11128,0,1.66666666666667,0,4571.08333333333,0,0,0,0
"46","DC",2021,0,0,11419.9166666667,0,3.08333333333333,0,4643.41666666667,0,0,0,0
"47","DC",2022,0,0,6689.33333333333,0,1.5,0,4808.25,0,0,0,0
"48","DC",2023,0,0,8607.5,0,0,0,4834.25,0,0,0,0
"49","DE",2018,22757.3125,0,449725.46875,0,17080.7926136364,0,4927.05113636364,435.372159090909,0,20957.0397727273,0
"50","DE",2019,9926.66666666667,0,400519.916666667,0,1559.91666666667,0,5115.75,439.166666666667,0,16166.25,0
"51","DE",2020,8522.83333333333,0,401507.916666667,0,671.75,0,6003.58333333333,431.583333333333,0,12129.0833333333,0
"52","DE",2021,23015.4915254237,0,312761.056497175,0,1394.81073446328,0,6134.35875706215,403.350282485876,0,11834.4406779661,0
"53","DE",2022,8729.08333333333,0,395803.666666667,0,9021.5,0,6581.08333333333,364.75,0,16540.6666666667,0
"54","DE",2023,-541.666666666667,0,362174.5,0,897.5,0,6413.16666666667,347.083333333333,0,14341.0833333333,0
"55","FL",2018,2520658.05457746,19367.8063380282,14319194.3573944,248616.882042254,172813.693661972,0,214170.419014085,0,2443066.09859155,457.200704225352,0
"56","FL",2019,1770682.91666667,17490.1666666667,15167237,262873.333333333,127107,0,179681.833333333,0,2425672.16666667,13.3333333333333,0
"57","FL",2020,1383143.91666667,19306.6666666667,15785038.5833333,243455.083333333,141836.416666667,0,172570.916666667,0,2451612.66666667,7.75,0
"58","FL",2021,1532067,20967.25,15218320.5833333,224756.666666667,96834.8333333333,0,173440.5,0,2338190.58333333,11.75,0
"59","FL",2022,1294297.75,19246.75,16109175.25,200179.833333333,109930.416666667,0,161280.833333333,0,2564027.41666667,10.0833333333333,0
"60","FL",2023,975211.416666667,19075,16438402.3333333,197315.833333333,100190.333333333,0,155223.666666667,0,2495016.16666667,4.58333333333333,0
"61","GA",2018,2681713,308072.333333333,4331009.33333333,7149.08333333333,36311.1666666667,0,28411.5,0,2863556.33333333,0,-40729.5
"62","GA",2019,2103775.58333333,329685.333333333,4884999.66666667,7815,20609.0833333333,0,26511.6666666667,0,2799265.08333333,0,-49890.75
"63","GA",2020,1160575.08471455,388016.819521179,4929936.06998158,6935.35174953959,17212.9244935543,0,26803.7329650092,0,2736719.62246777,0,-31313.5359116022
"64","GA",2021,1593849.38727273,305158.972727273,4721293.65818182,6582.09818181818,14930.8272727273,0,27023.16,0,2828756.33636364,0,-11057.0472727273
"65","GA",2022,1398198.58333333,264748.25,4987394.33333333,4856.5,43103,0,22519.1666666667,0,2839465.91666667,0,-53587.3333333333
"66","GA",2023,1397095.75,281323.333333333,5189822.75,7193.5,22636.9166666667,0,22690.6666666667,0,3153367.25,0,-55311.0833333333
"67","HI",2018,109266.833333333,8043.33333333333,0,31855.8333333333,562412.333333333,0,25459.4166666667,50161.25,0,4643.5,0
"68","HI",2019,108495.416666667,7878.58333333333,0,32893.8333333333,572014.333333333,0,24295.25,44109.3333333333,0,468.916666666667,0
"69","HI",2020,97110.2568421053,8219.57263157895,0,26723.4315789474,512706.993684211,0,21370.4421052632,49359.7494736842,0,235.970526315789,0
"70","HI",2021,90379.5833333333,9580.91666666667,0,16328.75,512933.833333333,0,23553.0833333333,54824.25,0,0,0
"71","HI",2022,54433.4453781513,9177.89075630252,0,21628.3109243697,553874.848739496,0,18816.6470588235,52167.9663865546,0,0,0
"72","HI",2023,0,7390.58333333333,0,14696.6666666667,607434.166666667,0,20345.5,53561.5833333333,0,0,0
"73","IA",2018,2379817.987061,77111.8059149723,611476.175600739,0,9206.33271719039,0,17432.9759704251,1778606.92791128,408040.249537893,0,0
"74","IA",2019,1846600.25,66355.6666666667,640354.333333333,-7.83333333333333,19849.3333333333,0,16926.75,2110747.66666667,436309.666666667,0,0
"75","IA",2020,1177845.07063197,85513.3996282528,586071.697026022,-4.91263940520446,9248.78810408922,0,16621.6635687732,2847765.99628253,242971.812267658,0,0
"76","IA",2021,1842216.25,81672.5833333333,538636.833333333,-6.33333333333333,11009.25,0,16761.9166666667,3091522.91666667,0,0,0
"77","IA",2022,1514343.91666667,84152.75,611586.75,-5.16666666666667,7829.58333333333,0,17800.25,3813447.58333333,0,0,0
"78","IA",2023,1370115.08333333,62602.8333333333,871580.083333333,-1.33333333333333,5780.08333333333,0,17275.1666666667,3489062.33333333,0,0,0
"79","ID",2018,1694.91666666667,918695.166666667,273228.5,5331,4.75,0,8025.25,221254.416666667,0,0,0
"80","ID",2019,1747.7343412527,861032.639308855,356216.481641469,5467.22030237581,19.4989200863931,0,9441.10799136069,212496.414686825,0,0,0
"81","ID",2020,1667.7376344086,792840.08172043,346009.215053763,4419.08172043011,2.81935483870968,0,9621.31182795699,230829.219354839,0,0,0
"82","ID",2021,1342.75,666268.083333333,411287.916666667,5159.25,12.6666666666667,0,8005.33333333333,223350.5,0,0,0
"83","ID",2022,521.190371991247,696234.382932166,361678.061269147,4206.295404814,4.35229759299781,0,7578.49671772429,203588.291028446,0,0,0
"84","ID",2023,548.833333333333,562370,414831.75,6034.58333333333,10.25,0,6961.66666666667,193632,0,0,0
"85","IL",2018,4970160.33333333,12210.6666666667,1436743.25,18927.25,4425.83333333333,0,35530.9166666667,991582,8175127.25,16734.75,0
"86","IL",2019,4065693.5,10317.5833333333,1778799.16666667,19891.0833333333,3629.75,0,34345.6666666667,1204966.33333333,8227957.33333333,21740.75,0
"87","IL",2020,2603154.91666667,11248.4166666667,2043011.41666667,20715.8333333333,2525.91666666667,0,32585.3333333333,1352161.66666667,8353839,23722.8333333333,0
"88","IL",2021,3598716.66666667,10713.75,1722059.25,20477.9166666667,4518.66666666667,0,30371.0833333333,1594423.91666667,8082871.5,20126.3333333333,0
"89","IL",2022,3379934.75,9603,1649107.5,21913.8333333333,3131.58333333333,0,23559,1957817.08333333,8239131.75,22047.6666666667,0
"90","IL",2023,2262536.91666667,7963,2350368.83333333,21349.75,2314.16666666667,0,23574.5,1837827.75,8129955,20900.9166666667,0
"91","IN",2018,6454602.41666667,18555.1666666667,2234749.5,26719.75,10884.5833333333,0,38324,453096,0,193817.666666667,0
"92","IN",2019,5063483.83333333,21331.9166666667,2670157.91666667,27789.3333333333,10562.25,0,38561.4166666667,518002.583333333,0,165342.416666667,0
"93","IN",2020,3981073.83333333,22561.5833333333,2664042.58333333,41462.8333333333,9455.91666666667,0,37292,523962.333333333,0,186662.5,0
"94","IN",2021,4543161.17090909,32254.5927272727,2299268.97636364,40779.2818181818,10655.4018181818,0,35757.0818181818,653936.105454545,0,187937.64,0
"95","IN",2022,4282107.30474453,30906.8704379562,2677496.93430657,38956.4270072993,9478.92700729927,0,32134.7554744526,830549.401459854,0,178796.824817518,0
"96","IN",2023,3414900.08333333,31819.5,2933354,40134.0833333333,8216.83333333333,0,31249.75,790559.5,0,176130.333333333,0
"97","KS",2018,1706165.25,2201.66666666667,250476.166666667,417.5,4334.5,0,5295.83333333333,1575625.08333333,764024.083333333,0,0
"98","KS",2019,1442883.5,1706.08333333333,252038.666666667,416.333333333333,6511.75,0,5227,1760294.83333333,770644.5,0,0
"99","KS",2020,1413319.91666667,2700.16666666667,233513.666666667,414.25,6238.16666666667,0,5308.08333333333,1996978.5,881873.5,0,0
"100","KS",2021,1613219.54434251,2489.15596330275,221582.348623853,414.847094801223,12414.1987767584,0,4892.65443425076,2142985.22629969,715792.366972477,0,0
"101","KS",2022,1685780.08333333,1972.33333333333,280213.083333333,69.0833333333333,-18629.0833333333,0,5069.66666666667,2473956.58333333,748496.583333333,0,0
"102","KS",2023,1357557.08333333,1120.08333333333,416213.666666667,259.833333333333,4521.33333333333,0,5164,2288509.66666667,858488.75,0,0
"103","KY",2018,4930678.58333333,368152.75,1217916.41666667,5295.16666666667,5832.75,0,8463.91666666667,0,0,0,0
"104","KY",2019,4309535.91666667,352628.5,1278455.58333333,3950,4196.66666666667,0,8161.66666666667,0,0,0,0
"105","KY",2020,3636526,417124.25,1198639.41666667,5347.33333333333,4767.91666666667,0,9538.66666666667,0,0,0,0
"106","KY",2021,4155227.25,406371.5,1214331.75,5869.33333333333,5507.41666666667,0,9597.75,0,0,0,0
"107","KY",2022,3921090.3190184,377484.512269939,1410124.1595092,4512.85582822086,8215.32515337423,0,8749.99386503067,0,0,0,0
"108","KY",2023,3618433.08333333,389765,1219821.41666667,7593.58333333333,7354.75,0,8577.16666666667,0,0,0,0
"109","LA",2018,982227,98321.25,5148481.16666667,53593.9166666667,364816.416666667,0,6565.58333333333,0,1429381.83333333,216496.5,0
"110","LA",2019,618234.583333333,113805.5,5793579.58333333,47744.1666666667,265711.166666667,0,6949.33333333333,0,1165111.25,156251.416666667,0
"111","LA",2020,325960.938073394,100157.103211009,5896810.69036697,50413.2362385321,285236.662844037,0,4727.67660550459,0,1410046.66972477,144213.353211009,0
"112","LA",2021,656079.416666667,92431.5,5330097.75,45852.5833333333,324642.75,0,6968.41666666667,0,1437389.5,149244.25,0
"113","LA",2022,681071.916666667,76338.6666666667,6022917.16666667,59597.6666666667,258886.083333333,0,6648.83333333333,0,1347060.08333333,156794.25,0
"114","LA",2023,400675.449541284,78248.0160550459,6175649.87385321,19829.2133027523,85692.8004587156,0,6976.17889908257,0,1017238.32798165,155459.669724771,0
"115","MA",2018,0,94475.014159292,1532157.28849558,70527.6159292035,39021.1433628319,0,88507.8690265487,18428.3079646018,370170.978761062,0,-38622.9044247788
"116","MA",2019,0,81833.9,1281495.04,75828.3654545454,8626.31454545454,0,75984.3290909091,17619.9581818182,186051.978181818,0,-36349.1781818182
"117","MA",2020,0,70306.5,1181447.83333333,75911.0833333333,3009.08333333333,0,75142.25,19856.25,0,0,-33542
"118","MA",2021,0,93126.1666666667,1250827.58333333,77004.8333333333,6762.25,0,75226.6666666667,17385.5833333333,0,0,-35353.9166666667
"119","MA",2022,0,73311.8938848921,1313304.73741007,77453.0539568345,63514.1492805755,0,74289.5899280576,17988.178057554,0,0,-33270.5917266187
"120","MA",2023,0,75631,1237506.66666667,77874.8333333333,7349.83333333333,0,74662.1666666667,16449.1666666667,0,0,-31622.9166666667
"121","MD",2018,837165.916190476,236101.523809524,1156518.36761905,27181.9504761905,21398.780952381,0,34781.6933333333,47464.860952381,1249886.30285714,0,0
"122","MD",2019,475950.934362934,183986.077220077,1219034.01930502,27317.0810810811,5629.78764478765,0,27479.166023166,43364.7065637066,1250085.08108108,0,0
"123","MD",2020,279963.333333333,141400.25,1174314.75,26653.6666666667,5864.91666666667,0,27255.6666666667,45473.0833333333,1256713.08333333,0,0
"124","MD",2021,431164.916666667,176429.166666667,1164812.25,31351.75,6055.66666666667,0,30530.25,43119.25,1249469.41666667,0,0
"125","MD",2022,385968.267206478,148399.435222672,1161332.94939271,24468.1275303644,11967.487854251,0,25471.1194331984,41494.0465587045,1234554.07894737,0,0
"126","MD",2023,142414.333333333,154802.916666667,1278972,26756,5233.83333333333,0,27260,40127.1666666667,1252263.5,0,0
"127","ME",2018,5902.33333333333,271754.416666667,194226.416666667,30903.5833333333,15758.8333333333,0,12702.3333333333,198691.25,0,0,0
"128","ME",2019,5921.25,291611.833333333,149772.583333333,28237.25,2891.91666666667,0,10099.9166666667,207827.583333333,0,0,0
"129","ME",2020,4623.41666666667,263183,158683.5,27526.5,3076.08333333333,0,9462.08333333333,199595.166666667,0,0,0
"130","ME",2021,4166.41666666667,211742,278972.75,22284.75,2633.25,0,8597.16666666667,212016.416666667,0,0,0
"131","ME",2022,3536.75,255277.916666667,345223.333333333,23371.9166666667,22855.75,0,6842.66666666667,226365.333333333,0,0,0
"132","ME",2023,3600.33333333333,255091.583333333,278443.75,23214.0833333333,5239.58333333333,0,6165.75,204232.583333333,0,0,0
"133","MI",2018,3527572,130766.583333333,2582240.83333333,21026,101126,0,79788.9166666667,454771.083333333,2539891.16666667,133136.583333333,-58204.5833333333
"134","MI",2019,3111790.83333333,137482.583333333,2869127.25,14425.1666666667,76265.6666666667,0,76258.6666666667,485463.25,2742439.58333333,141378.166666667,-58040.6666666667
"135","MI",2020,2330085.75,142778.416666667,3036153.25,11276.8333333333,77806,0,81852.1666666667,561257.666666667,2527712.16666667,80720.75,-70456.6666666667
"136","MI",2021,3089488.60465116,111711.686046512,2543424.14534884,11916.601744186,95479.1569767442,0,75694.1773255814,640195.113372093,2859910.375,100473.598837209,-59510.1773255814
"137","MI",2022,2873535.20689655,115504.898050975,3429276.42128936,12242.2248875562,129475.911544228,0,65382.7436281859,762671.727136432,2167677.72263868,110749.301349325,-72255.311844078
"138","MI",2023,1964277.66666667,89589.75,4670708.08333333,11271.3333333333,113336.75,0,67878.0833333333,703932.583333333,2333009,114747.583333333,-67511.5
"139","MN",2018,1954613,87792,712941.25,33765.25,3881.25,0,44269.3333333333,892804.166666667,1216777.41666667,0,0
"140","MN",2019,1483707.16666667,88002.8333333333,1050590.58333333,29575.5833333333,4220.58333333333,0,29237.0833333333,913739.166666667,1175378.91666667,0,0
"141","MN",2020,1169819.66666667,83487,984582.833333333,27301.5833333333,2497.16666666667,0,28627.3333333333,985928,1223107.33333333,0,0
"142","MN",2021,1313689.58333333,56593.8333333333,1065885.41666667,26101.1666666667,8760.83333333333,0,26135.1666666667,1022609.58333333,1176897.58333333,0,0
"143","MN",2022,1346557.83333333,79202.8333333333,728007.083333333,25649.0833333333,-5123.16666666667,0,24883.4166666667,1257602.41666667,1224683.75,0,0
"144","MN",2023,1064618.90349418,59783.9800332779,1175328.61231281,25262.7554076539,3936.75207986689,0,26340.0432612313,1222352.70715474,992760.762063228,0,0
"145","MO",2018,5279594.5,69032.6666666667,587504.5,84,8312.91666666667,0,6827.41666666667,236223.083333333,887939.916666667,0,3908.91666666667
"146","MO",2019,4640523.91666667,184666.583333333,639567,7.41666666666667,8095.25,0,6353.41666666667,238157.416666667,765821.916666667,0,28062
"147","MO",2020,4315207.73345936,156539.884688091,629953.945179584,6.03969754253308,6739.47258979206,0,6927.65973534972,279006.211720227,643954.75047259,0,-1847.87145557656
"148","MO",2021,4825091.375,141561.503731343,505598.595149254,0.164179104477612,21599.0373134328,0,6895.16044776119,543667.940298507,353694.552238806,0,173.628731343284
"149","MO",2022,4402698.08333333,115314.083333333,679298,0,13580,0,5878.91666666667,627050.333333333,739564.083333333,0,13787.0833333333
"150","MO",2023,3363461.78236398,114814.951219512,758706.99249531,0,7755.51594746717,0,5747.87429643527,567479.939962476,764047.544090056,0,-4151.90806754221
"151","MS",2018,440003.583333333,0,4123484.25,0,2275.83333333333,0,1379.5,0,576622.5,0,0
"152","MS",2019,367861.666666667,0,4065042.08333333,0,1141.83333333333,0,1414.83333333333,0,919376.166666667,0,0
"153","MS",2020,382793.666666667,0,4471800.33333333,0,699.583333333333,0,1296.5,0,539244.5,0,0
"154","MS",2021,460890.666666667,0,4051752,0,687.083333333333,0,1032.25,0,981004.833333333,0,0
"155","MS",2022,469348.491176471,0,4305471.87647059,0,768.714705882353,0,809.129411764706,0,719857.758823529,0,0
"156","MS",2023,336877.316384181,0,4652955.93502825,0,552.209039548023,0,815.005649717514,0,978465.18079096,0,0
"157","MT",2018,1113335.66666667,950384.083333333,39697.5833333333,25389.3333333333,37167.1666666667,0,0,179449.333333333,0,1034.58333333333,0
"158","MT",2019,1175055.08333333,833710.166666667,42267.75,23930,38717.0833333333,0,0,197779.583333333,0,835.833333333333,0
"159","MT",2020,707523.666666667,895627.833333333,24232.9166666667,19266.8333333333,38100.8333333333,0,999.583333333333,254881.666666667,0,973.166666666667,0
"160","MT",2021,906371.166666667,771531.083333333,44025.4166666667,23556.5,37561.0833333333,0,963.083333333333,289387,0,1084.83333333333,0
"161","MT",2022,971559.495145631,822001.167475728,61096.6990291262,22685.390776699,38774.1480582524,0,742.364077669903,335505.344660194,0,357.79854368932,0
"162","MT",2023,964698.916666667,639778.666666667,84556.5,18633.6666666667,40998.8333333333,0,717.916666666667,380077.25,0,801.916666666667,0
"163","NC",2018,2640872.33333333,550452.5,3620479.16666667,44588.0833333333,52756.75,0,54695.4166666667,45231,3506412.41666667,0,0
"164","NC",2019,2556008.41666667,515478.833333333,3428905.33333333,44814.5833333333,16011.0833333333,0,55921.5833333333,43594.9166666667,3492967.08333333,0,0
"165","NC",2020,1732774.16666667,663124.5,3450110.16666667,40406.5,9715.91666666667,0,53390.8333333333,45522.25,3527396.83333333,0,0
"166","NC",2021,1703403.55592105,485303.664473684,3943678.87171053,24117.5032894737,16320.2236842105,0,46498.2171052632,43040.9835526316,3592356.83223684,0,0
"167","NC",2022,1222812,390524.25,4844283.08333333,17337.6666666667,23146.0833333333,0,38435.0833333333,45562.75,3553690.16666667,0,0
"168","NC",2023,1183507.83333333,405931.583333333,4451994.83333333,19695,7439.83333333333,0,39821.8333333333,43258.4166666667,3527977.16666667,0,0
"169","ND",2018,2295055.58333333,265012.833333333,84939.4166666667,4328.91666666667,3195.25,0,86.4166666666667,894409.416666667,0,4248.91666666667,0
"170","ND",2019,2095953.08333333,264940.916666667,122548.666666667,4130.58333333333,2798.83333333333,0,15.25,934418.666666667,0,4137.16666666667,0
"171","ND",2020,2041400.58333333,204199.5,124036,3168.33333333333,2558.66666666667,0,43.25,1136154.58333333,0,3141.41666666667,0
"172","ND",2021,2033565.83333333,165754.416666667,131477.333333333,4537.91666666667,2757.83333333333,0,146.916666666667,1244600.25,0,3190.83333333333,0
"173","ND",2022,2069265.33333333,149284.083333333,121113.25,1257.08333333333,2440.08333333333,0,0,1354157.5,0,2562.33333333333,0
"174","ND",2023,1875661.91666667,120521.75,167530.583333333,890.416666666667,4462.16666666667,0,0,1223868.91666667,0,1951.58333333333,0
"175","NE",2018,1942429.20418848,115322.929319372,80683.3455497382,0,1037.22251308901,0,7781.80890052356,462168.17539267,468867.638743456,0,0
"176","NE",2019,1698785.25,111687.666666667,106404.75,0,1347.33333333333,0,7043.16666666667,600924.333333333,579300,0,0
"177","NE",2020,1565720.66666667,115840.666666667,100725.833333333,0,1169.5,0,7475.08333333333,759611.916666667,515712.583333333,0,0
"178","NE",2021,1577801.33333333,93596.4166666667,97780.25,-2.25,4594.25,0,7706.16666666667,799336.5,573385.166666667,0,0
"179","NE",2022,1662105.75,88114.25,105015.166666667,-8.83333333333333,2925.83333333333,0,7375.83333333333,1051171.75,468208.666666667,0,0
"180","NE",2023,1493629.75,70832.5833333333,195307.583333333,0,3153.33333333333,0,7386.08333333333,995903.75,577171.083333333,0,0
"181","NH",2018,55025.6666666667,112915.666666667,249294.916666667,3973.08333333333,14840.0833333333,0,11537.9166666667,33888.1666666667,838474.666666667,0,0
"182","NH",2019,28584.5833333333,121837,298543,4553.41666666667,2507.41666666667,0,11107.1666666667,36117.0833333333,908910.25,0,0
"183","NH",2020,10706.9166666667,102355.833333333,303167.666666667,4631.5,3473.91666666667,0,11055.8333333333,43739.3333333333,822099.666666667,0,0
"184","NH",2021,23680.25,85417.0833333333,372173,4609.75,5830.91666666667,0,11674.0833333333,42019.1666666667,821343.083333333,0,0
"185","NH",2022,25454.6666666667,100107.666666667,375160.25,4154.83333333333,37112.5833333333,0,11780.9166666667,40193.5,910127.333333333,0,0
"186","NH",2023,13345,105191.25,352129,4257.58333333333,4887.75,0,11852.9166666667,34278.6666666667,794565.083333333,0,0
"187","NJ",2018,99440.6666666667,2961.5,3238624.41666667,45993,30197.0833333333,0,77910.9166666667,1883,2665175.5,17670.6666666667,-9591.83333333333
"188","NJ",2019,86794.1666666667,2205.66666666667,3370760.91666667,51310.5833333333,11868.5,0,66408.9166666667,1833,2219777,18031.4166666667,-7819.08333333333
"189","NJ",2020,76393.1666666667,1279.66666666667,2552581.66666667,49172.0833333333,5549.41666666667,0,61354.1666666667,1667.91666666667,2228188.16666667,16424.6666666667,-9158.75
"190","NJ",2021,85524.5,1518.66666666667,2461901.33333333,49178.1666666667,3081.91666666667,0,58980.5,1644.08333333333,2345174.91666667,7664.25,-10006.4166666667
"191","NJ",2022,41482,435.5,2782860.41666667,43248.1666666667,11494.0833333333,0,55288.8333333333,1802.41666666667,2359900,9988.5,-11321.1666666667
"192","NJ",2023,0,968.160071942446,2745950.46043165,46166.0269784173,3996.57194244604,0,55991.3165467626,1539.76258992806,2361173.94784173,13439.6690647482,-13729.464028777
"193","NM",2018,1118984.17098446,12448.2305699482,969229.308290155,-60.9870466321244,1728.5103626943,0,1763.65803108808,507885.663212435,0,0,0
"194","NM",2019,1224305.5,13181.6666666667,983599.333333333,-66.6666666666667,15300.1666666667,0,1881.83333333333,574340.666666667,0,0,0
"195","NM",2020,1065910.53652393,16886.0075566751,999759.617128463,-63.4458438287154,2711.45340050378,0,2081.8564231738,602259.591939547,0,0,0
"196","NM",2021,1044693.16666667,10238.5,841099.166666667,-28.8333333333333,2764.91666666667,0,2140.25,881727.916666667,0,0,0
"197","NM",2022,1107666.41666667,10068.75,914847.5,-32.4166666666667,1577.08333333333,0,1422.66666666667,1202879.08333333,0,0,0
"198","NM",2023,614317.833333333,9887,1131403.91666667,-1511.5,482.083333333333,0,2330.16666666667,1241582.83333333,0,0,0
"199","NV",2018,207568.582022472,156580.768539326,2223173.91011236,2397.42247191011,853.752808988764,0,4422.8404494382,26032.0696629213,0,0,0
"200","NV",2019,227954.916666667,186838.166666667,2147913.83333333,1793.25,1028.66666666667,0,4523.5,27450,0,0,0
"201","NV",2020,162766.75,160280.5,2233443.41666667,2150.41666666667,522.166666666667,0,4520.25,27066.9166666667,0,0,0
"202","NV",2021,230628.574514039,161732.120950324,2180503.3174946,2274.89416846652,667.771058315335,0,4162.97840172786,28307.7840172786,0,0,0
"203","NV",2022,227938.5,140481.916666667,2070368.41666667,508.083333333333,758.833333333333,0,4074.33333333333,26295.9166666667,0,0,0
"204","NV",2023,171636.333333333,108558.666666667,2052614.58333333,-1089,657.666666666667,0,4666.25,24270.5833333333,0,0,0
"205","NY",2018,57532.1666666667,2469166.5,4234202.08333333,72762.0833333333,132559.25,0,134664,333194.25,3576584.25,0,-35893.1666666667
"206","NY",2019,35162.5833333333,2551741.25,3967677.83333333,79977.25,42647.4166666667,0,122812.5,371323.333333333,3738751.5,140,-26299.0833333333
"207","NY",2020,11974.3333333333,2462490.16666667,4413799.41666667,83094.8333333333,29137.5,0,124685.833333333,376810.583333333,3202506.33333333,0,-27329
"208","NY",2021,0,2397123.08333333,4709393.41666667,80220.8333333333,57536.25,0,120824.083333333,346364.083333333,2598048.58333333,0,-31794.5833333333
"209","NY",2022,0,2285960.91666667,5026001.08333333,82556.6666666667,154733,0,121414.5,380625.916666667,2234347,0,-37558.5833333333
"210","NY",2023,0,2308007.44070278,4960280.63836018,81373.0219619327,29601.8125915081,0,119262.380673499,408643.084919473,2293486.02635432,0,-31084.1390922401
"211","OH",2018,4893913.5,20335.0833333333,3684542,452.833333333333,109645.583333333,0,39382.9166666667,145835.166666667,1526250.58333333,65574.0833333333,0
"212","OH",2019,3897044.08333333,33552.5833333333,4277121.08333333,681.083333333333,70374.5833333333,0,37020.5833333333,170242.666666667,1417546.75,64625.4166666667,0
"213","OH",2020,3750716.33333333,31185.25,4365132.75,379.75,97867,0,35627.9166666667,190761.5,1518252.08333333,58651.6666666667,0
"214","OH",2021,3802663.02615385,48188.1892307692,4700427.12461538,269.6,93801.3276923077,0,33871.5784615385,215852.935384615,1457205.06923077,67731.0692307692,0
"215","OH",2022,3582726.08333333,42247.75,5738746.08333333,249.166666666667,106050.5,0,25710.25,262834.083333333,1402232.25,61524.5833333333,0
"216","OH",2023,2622195.58333333,42178.6666666667,6482093.83333333,650.75,91221.1666666667,0,11606.4166666667,235679.583333333,1350553.33333333,56793.5833333333,0
"217","OK",2018,1241770.50993377,169476.754966887,3475140.98233996,4757.50993377483,1499.98454746137,0,6401.10816777042,2276235.50551876,0,0,-11278.3863134658
"218","OK",2019,652171.583333333,325269.166666667,3682330.25,618,1458.58333333333,0,6234.66666666667,2417344.41666667,0,0,-8671.58333333333
"219","OK",2020,496477.290697674,237918.130232558,3645327.60232558,439.109302325581,2210.0023255814,0,6446.26279069767,2450637.93488372,0,0,-9835.88139534884
"220","OK",2021,937167.25,230514.5,2821436.33333333,142.583333333333,2931.66666666667,0,7210.33333333333,2711692.75,0,0,-7245
"221","OK",2022,746169.333333333,147459.75,3001910.25,360.583333333333,2381.75,0,6222.08333333333,3129396.41666667,0,0,-7535
"222","OK",2023,433220.5,154819.25,3732323.25,1539.33333333333,1699.5,0,6107.66666666667,3144268,0,0,-4420.16666666667
"223","OR",2018,123032.416666667,2953564.5,1493564.58333333,2841.16666666667,404.75,0,29756.0833333333,620620.083333333,0,0,0
"224","OR",2019,214096.666666667,2526833.75,1744361.16666667,2981.08333333333,552.083333333333,0,27037.5833333333,547407.416666667,0,0,0
"225","OR",2020,135845.416666667,2660053.66666667,1584992.75,3659.75,194.833333333333,0,27446.6666666667,731437.916666667,0,0,0
"226","OR",2021,0,2302848.93469388,1774288.82857143,2957.00408163265,34.9530612244898,0,26586.487755102,782289.681632653,0,0,0
"227","OR",2022,0,2608693,1587896.75,2956.08333333333,139,0,24961.3333333333,679099.166666667,0,0,0
"228","OR",2023,0,2069090.08333333,1871946.58333333,1940,72,0,23384.3333333333,722366.166666667,0,0,0
"229","PA",2018,3673857.08333333,355146.416666667,6365904.91666667,65070.4166666667,52137.25,0,151390.333333333,297243.166666667,6956395.33333333,44040.9166666667,-54928.5833333333
"230","PA",2019,3160744.16666667,291926.916666667,8170028.91666667,71445.4166666667,15443.4166666667,0,139423.416666667,270875,6935804.33333333,41206.25,-47135.75
"231","PA",2020,1954855.91666667,222704.583333333,10063905,73219.0833333333,5411.66666666667,0,127729.25,312350.416666667,6376782.83333333,48019.5,-49521.5833333333
"232","PA",2021,2441442.33333333,261243.083333333,10555406.3333333,75341.3333333333,10341.4166666667,0,116327.75,287930.75,6325209.5,45890.3333333333,-57626
"233","PA",2022,1994148.66666667,221056.916666667,10846962.5,70251.5,26055.5833333333,0,104552.916666667,297687.166666667,6347168.08333333,44382.25,-61817.8333333333
"234","PA",2023,1067011.75,227556.166666667,11605257.6666667,74083.8333333333,5953.25,0,107290.75,272373.416666667,6272631.75,38464.5,-67554
"235","RI",2018,0,341.666666666667,658078.25,0,6309.5,0,17585.8333333333,13217.1666666667,0,0,0
"236","RI",2019,0,303.333333333333,595085.416666667,0,919.5,0,17316.4166666667,17182.8333333333,0,0,0
"237","RI",2020,0,296.25,689363.666666667,0,373.166666666667,0,17097.6666666667,17894.4166666667,0,0,0
"238","RI",2021,0,371.25,720082.166666667,0,1047.08333333333,0,17356.4166666667,14346.6666666667,0,0,0
"239","RI",2022,0,604.531847133758,583992.894904459,-98.6273885350318,4929.53503184713,0,18216.2515923567,17380.2038216561,0,0,0
"240","RI",2023,0,647.166666666667,629091.083333333,0,2658.33333333333,0,19561.8333333333,14578.4166666667,0,0,0
"241","SC",2018,1624647.10246679,251522.595825427,1805899.84060721,3473.70018975332,28295.1537001898,0,12488.2466793169,0,4391779.24288425,0,-58823.724857685
"242","SC",2019,1237760.31261101,247702.030195382,1994188.19893428,3715.24689165187,6544.8703374778,0,10783.0248667851,0,4674660.74777975,0,-75782.9094138544
"243","SC",2020,1038257.83333333,321900.416666667,2018994.08333333,3808.66666666667,5345.75,0,10083.4166666667,0,4562590.66666667,0,-56550
"244","SC",2021,1265700,211979.666666667,1936858.25,3511.16666666667,7181.25,0,8883,0,4480952.33333333,0,-64006.5
"245","SC",2022,1186955.25,181709.5,2011991.33333333,3493.83333333333,15556.5833333333,0,7615.5,0,4530812.58333333,0,-72525.0833333333
"246","SC",2023,1262535,203783.833333333,2016029.41666667,3723.75,8913.5,0,7554.75,0,4635195,0,-37870.4166666667
"247","SD",2018,195219.203125,524846.4140625,97082.9921875,0,537.7734375,0,0,236598.6953125,0,0,0
"248","SD",2019,217600.65,658383.3,97329.971875,0,1139.059375,0,0,232445.415625,0,0,0
"249","SD",2020,137352,485884.25,91872.0833333333,0,616.25,0,101.583333333333,462014,0,0,0
"250","SD",2021,135745.884955752,415178.85840708,109273.722713864,0,3176.36873156342,0,93.2448377581121,778018.02359882,0,0,0
"251","SD",2022,156233.5,354878,118694.833333333,0,1404.08333333333,0,423.583333333333,857926.083333333,0,0,0
"252","SD",2023,130228.583333333,296908.666666667,195857.666666667,0,1827.66666666667,0,396.5,782427.666666667,0,0,0
"253","TN",2018,1744926.78585462,856211.768172888,1118258.07858546,704.129666011788,10815.9037328094,0,7268.8231827112,3414.70137524558,3012519.79371316,932.599214145383,-51679.4223968566
"254","TN",2019,1557680.58333333,844151.916666667,1412929.41666667,848.333333333333,11633.4166666667,0,7355.33333333333,3164.75,2976700.41666667,1019.91666666667,-51280
"255","TN",2020,1187106,1121032.75,1305676.75,811.916666666667,8994.41666666667,0,7541.5,3265.5,3057349.58333333,939.583333333333,-60081.0833333333
"256","TN",2021,1521649.83333333,905956.583333333,1165500.58333333,553.166666666667,8588.83333333333,0,6862.16666666667,2348.83333333333,2944200.58333333,887.916666666667,-48107.5833333333
"257","TN",2022,1323795.08333333,766506.333333333,1376734.5,301.833333333333,12217.75,0,6603.58333333333,1238.83333333333,2969616.66666667,956.75,-40943.25
"258","TN",2023,1316075.83333333,775024.75,1278405,39.6666666666667,8583.08333333333,0,5053.33333333333,1912.16666666667,3161453.08333333,903.916666666667,-46145.9166666667
"259","TX",2018,9310220.33333333,93865,19976090.3333333,37719,10776.0833333333,0,48767.4166666667,6308369.5,3432144.91666667,210539.666666667,0
"260","TX",2019,7651394.66666667,122957.5,21302501.6666667,42533.5,12873.5833333333,0,34930.25,6968364.16666667,3441500.58333333,239098.583333333,0
"261","TX",2020,6568772.83333333,89945.6666666667,20552457.5833333,36336.1666666667,11798.8333333333,0,36713.0833333333,7703416.33333333,3453225.41666667,217586.666666667,0
"262","TX",2021,7397077.76260163,90067.1772357724,19415162.702439,34994.843902439,24781.5577235772,0,28520.7430894309,8294318.2504065,3349122.34634146,184934.178861789,0
"263","TX",2022,7111412.91666667,51681.9166666667,21344980.8333333,29437.25,31125.4166666667,0,26826.6666666667,9565575.16666667,3467246.25,202514.666666667,0
"264","TX",2023,5966689.2112,71148.7616,23009615.3568,28802.5232,19911.5936,0,21147.7376,9986748.432,3390624.6112,192749.0352,0
"265","US-Total",2018,95795774.5427594,24375197.6716078,122413326.980616,1081166.68871152,2101745.87685291,0,1741379.9372862,22724093.986317,67262057.1368301,1121894.07411631,-492079.153933865
"266","US-Total",2019,80413063.3333333,23989477.5,132143066.083333,1111188.16666667,1536514.66666667,0,1580297.58333333,24575526.5833333,67450771.8333333,1049257.83333333,-438395.333333333
"267","US-Total",2020,64449408,23772824.5833333,135337499.916667,1071265.58333333,1445084.66666667,0,1541056.08333333,28161504.0833333,65823238.5833333,984873.333333333,-443433.75
"268","US-Total",2021,74823773.25,20965403.5833333,131613413.083333,1011672.16666667,1598011.08333333,0,1482462.75,31516398,64848999,949769.833333333,-425973.666666667
"269","US-Total",2022,69292634.4166667,21232388.8333333,140588892.916667,926184.916666667,1910936.83333333,0,1365283.91666667,36191446.6666667,64294764.6666667,976857.5,-502321.5
"270","US-Total",2023,56271968.6666667,19987884.6666667,150171874.916667,829563.833333333,1372638.08333333,0,1335409.91666667,35436283.5,64612262.5833333,954234.416666667,-491378
"271","UT",2018,2159372.83333333,77258.0833333333,727009.833333333,18762.0833333333,3047.91666666667,0,6621.66666666667,66212.8333333333,0,546.583333333333,0
"272","UT",2019,2101107.41845494,72966.5600858369,780684.375536481,15734.6995708154,3317.42703862661,0,5891.54506437768,68245.5,0,1421.5364806867,0
"273","UT",2020,1895827.43506494,68153.0735930736,787643.504329004,10745.6515151515,3292.41991341991,0,6468.52380952381,67015.6515151515,0,613.874458874459,0
"274","UT",2021,2197863.2139738,41084.1375545852,890147.268558952,13465.3580786026,3173.93886462882,0,6729.91484716157,68845.5371179039,0,437.796943231441,0
"275","UT",2022,1865851.58333333,49613.1666666667,925590.5,12138.8333333333,2586.58333333333,0,6151.75,60286.5,0,252.083333333333,0
"276","UT",2023,1326929.74418605,45138.6025369979,995482.617336152,8613.77801268499,2462.79281183932,0,6452.63002114165,57065.3826638478,0,228.693446088795,0
"277","VA",2018,772189.5,147071.666666667,4180025.08333333,39268.8333333333,79201,0,97668,0,2437639,0,-107664.666666667
"278","VA",2019,284843.967576792,126438.332764505,4831020.58361775,46533.3037542662,21467.8651877133,0,90144.2218430034,0,2457686.44368601,0,-92180.4505119454
"279","VA",2020,313566.166666667,169181.083333333,5218589.25,46434,19245.5,0,89083.0833333333,0,2511671.16666667,0,-89961.3333333333
"280","VA",2021,270764.342715232,108869.475165563,4467015.95033113,43958.7433774834,28464.3493377483,0,82289.2086092715,4138.78311258278,2380748.92384106,0,-86341.0049668874
"281","VA",2022,278907.415254237,94729.8644067797,4067757.12542373,43571.1915254237,54611.5474576271,0,78964.1745762712,4239.01355932203,2349346.33898305,0,-125021.162711864
"282","VA",2023,117849.043189369,126622.196013289,4289482.98837209,39860.2774086379,13827.2093023256,0,76718.6395348837,3912.67275747508,2472275.06478405,0,-121104.343853821
"283","VT",2018,0,105682.416666667,150,-24.6666666666667,260.916666666667,0,1004.5,31112.0833333333,0,0,0
"284","VT",2019,0,111122.770588235,153.65,-81.5852941176471,85.7941176470588,0,5540.27058823529,31496.0470588235,0,0,0
"285","VT",2020,0,94139.3333333333,168.5,-212.25,146.5,0,5592.33333333333,31965.5,0,0,0
"286","VT",2021,0,91064.25,171.166666666667,181.833333333333,240.583333333333,0,5027.41666666667,28182.3333333333,0,0,0
"287","VT",2022,0,95057.0833333333,124.75,238.916666666667,438.833333333333,0,4582.16666666667,34098.75,0,0,0
"288","VT",2023,0,98222.1666666667,105.333333333333,245.5,126.833333333333,0,4752.66666666667,28301.1666666667,0,0,0
"289","WA",2018,449626.604693141,6735459.78880866,876539.944043321,4937.10649819495,1972.55415162455,0,19282.4277978339,657720.936823105,809099.848375451,35870.1516245487,2340.46931407942
"290","WA",2019,597508.416666667,5501526.91666667,1310722.91666667,5516.33333333333,1655,0,9277.75,556438.333333333,738874.916666667,26849.25,711.5
"291","WA",2020,430851.25,6367471.58333333,1167869.66666667,5734.75,1543,0,9375.66666666667,772132.916666667,785587.5,24373.1666666667,1138.91666666667
"292","WA",2021,261043.333333333,5948279.66666667,1382437.75,5459.41666666667,2668.66666666667,0,9620.16666666667,774813,709274,19809.6666666667,165.5
"293","WA",2022,297164.416666667,6576369.66666667,1211026.91666667,4836.25,3643.5,0,8164.25,671742.75,820961.25,21274.6666666667,846
"294","WA",2023,347574.953846154,5066212.35192308,1479357.04038462,5715.93269230769,2854.05961538462,0,10188.2826923077,634537.388461538,703534.661538462,19860.7423076923,-252.975
"295","WI",2018,2776865.08333333,199334.166666667,1399888,3552.66666666667,11459.3333333333,0,46170.0833333333,136471.5,844093.5,0,0
"296","WI",2019,2194615.91666667,220084.583333333,1694540.91666667,3501.91666666667,11902.1666666667,0,43006.8333333333,156484,835858.75,0,0
"297","WI",2020,1981806.52861953,232338.730639731,1832836.37037037,2407.67845117845,8774.27946127946,0,38344.9949494949,146870.82996633,814251.836700337,0,0
"298","WI",2021,2286799,178740.25,1778500.08333333,2112.16666666667,26711.9166666667,0,34254.1666666667,132789.833333333,830849.166666667,0,0
"299","WI",2022,1825360.63758389,165908.929530201,1940045.08557047,1851.30536912752,14592.8087248322,0,31939.8741610738,151038.615771812,840314.395973154,0,0
"300","WI",2023,1759114.08333333,131440.583333333,2354380,1845.83333333333,6707.33333333333,0,30330,146592.75,806897.25,0,0
"301","WV",2018,5169902.91666667,153970.25,118366,-963.25,13240.4166666667,0,0,147498.666666667,0,2070.41666666667,0
"302","WV",2019,4848469.16666667,142167.666666667,186946.166666667,-534.916666666667,10698.9166666667,0,0,135924.833333333,0,3464.91666666667,0
"303","WV",2020,4181874.02727273,133590.936363636,229405.418181818,-1395.87272727273,12029.1363636364,0,538.454545454545,158782.463636364,0,3896.28181818182,0
"304","WV",2021,4971998.4778481,142231.917721519,218000.911392405,-1355.07278481013,13932.0411392405,0,847.591772151899,135849.911392405,0,4414.95253164557,0
"305","WV",2022,4226458.5,137271.916666667,175872.916666667,-1028.58333333333,12530.25,0,850.166666666667,167241.25,0,2916.75,0
"306","WV",2023,3732479.58333333,137257,301850.75,-1162.25,13565.75,0,756.75,173942.666666667,0,2664,0
"307","WY",2018,3310166.54635762,81183.9701986755,74694.9238410596,7103.25827814569,3334.36092715232,0,0,338210.854304636,0,31476.3377483444,0
"308","WY",2019,2947985.66666667,82702.0833333333,85771.0833333333,6290.75,3644.16666666667,0,0,346901.583333333,0,23831.0833333333,0
"309","WY",2020,2782940.16314199,90529.1087613293,114632.012084592,6553.416918429,3735.70392749245,0,0,460074.374622356,0,32540.4471299094,0
"310","WY",2021,2669844,65870.4166666667,125058.416666667,7003.08333333333,5027.58333333333,0,0,703988.333333333,0,30014,0
"311","WY",2022,2793158,62062.1666666667,138437.75,6324.41666666667,4419.25,0,0,815011.833333333,0,27385.1666666667,0
"312","WY",2023,2556426.58333333,52862.75,182975.583333333,7018.25,3642,0,0,740289,0,29341.3333333333,0
